Traditional_trust_music,Traditional_hypo_music,Traditional_like_music,Traditional_honest_music,Traditional_good_music,Traditional_trust_jury,Traditional_hypo_jury,Traditional_like_jury,Traditional_honest_jury,Traditional_good_jury,Traditional_trust_phone,Traditional_hypo_phone,Traditional_like_phone,Traditional_honest_phone,Traditional_good_phone,Traditional_trust_print,Traditional_hypo_print,Traditional_like_print,Traditional_honest_print,Traditional_good_print,Honest_trust_music,Honest_hypo_music,Honest_like_music,Honest_honest_music,Honest_good_music,Honest_trust_jury,Honest_hypo_jury,Honest_like_jury,Honest_honest_jury,Honest_good_jury,Honest_trust_phone,Honest_hypo_phone,Honest_like_phone,Honest_honest_phone,Honest_good_phone,Honest_trust_print,Honest_hypo_print,Honest_like_print,Honest_honest_print,Honest_good_print,Age,Gender,Income,Education,Random ID
41,40,41,41,41,42,41,41,43,44,56,56,58,57,61,58,58,60,59,58,,,,,,,,,,,,,,,,,,,,,17 or younger,Male,"Less than $5,000",Less than high school degree,437
32,93,39,40,60,57,62,63,45,55,57,57,59,64,39,42,61,63,62,38,,,,,,,,,,,,,,,,,,,,,21-29,Male,"$50,000 to $65,000",Bachelor degree,8280
,,,,,,,,,,,,,,,,,,,,79,0,60,100,48,76,0,63,100,41,76,0,37,100,38,77,0,52,100,42,30-39,Male,"$50,000 to $65,000",Bachelor degree,9796
78,51,52,85,83,69,54,70,55,77,79,51,79,82,85,59,61,63,61,60,,,,,,,,,,,,,,,,,,,,,30-39,Female,"$80,000 to $100,000",Bachelor degree,854
25,64,52,26,12,20,72,39,24,33,29,73,28,15,6,5,97,5,7,12,,,,,,,,,,,,,,,,,,,,,30-39,Male,"$50,000 to $65,000",Bachelor degree,9002
,,,,,,,,,,,,,,,,,,,,28,96,44,17,44,28,95,31,26,45,29,84,31,33,45,17,87,43,12,47,30-39,Male,"$35,000 to $50,000","High school degree or equivalent (e.g., GED)",4246
23,57,53,52,38,39,60,48,51,47,34,67,34,15,50,31,80,35,26,16,,,,,,,,,,,,,,,,,,,,,21-29,Female,"$35,000 to $50,000",Bachelor degree,2469
,,,,,,,,,,,,,,,,,,,,82,91,84,88,81,80,83,80,85,75,81,81,76,79,87,91,82,84,83,80,21-29,Male,"$50,000 to $65,000",Bachelor degree,4725
,,,,,,,,,,,,,,,,,,,,78,34,65,62,71,60,41,75,87,59,70,36,66,72,61,89,24,71,65,79,30-39,Male,"Less than $5,000",Some college,1301
97,10,98,97,90,40,99,40,41,61,38,20,40,43,61,39,97,28,39,43,,,,,,,,,,,,,,,,,,,,,40-49,Male,"$65,000 to $80,000",Bachelor degree,5391
35,95,56,7,58,63,100,49,58,61,17,90,10,9,22,6,95,46,0,36,,,,,,,,,,,,,,,,,,,,,21-29,Female,"$80,000 to $100,000",Bachelor degree,4507
,,,,,,,,,,,,,,,,,,,,24,58,52,87,52,57,21,33,88,58,67,64,52,30,61,36,92,30,19,51,40-49,Male,"$80,000 to $100,000",Bachelor degree,4676
35,71,52,36,52,51,51,52,52,52,51,51,52,52,52,51,51,52,52,52,,,,,,,,,,,,,,,,,,,,,30-39,Female,"$80,000 to $100,000",Graduate degree,6898
43,89,38,20,43,34,91,47,42,40,73,18,76,76,92,37,83,49,34,35,,,,,,,,,,,,,,,,,,,,,18-20,Male,"$5,000 to $10,000",Some college,875
53,78,44,47,37,49,67,37,52,41,83,33,76,89,83,18,90,43,35,27,,,,,,,,,,,,,,,,,,,,,21-29,Male,"$65,000 to $80,000",Bachelor degree,5428
,,,,,,,,,,,,,,,,,,,,84,42,61,56,66,76,83,50,66,66,67,29,69,64,77,69,31,38,58,66,40-49,Male,"$25,000 to $35,000",Some college,5693
,,,,,,,,,,,,,,,,,,,,0,100,0,0,0,0,100,0,0,0,0,100,0,0,0,0,100,0,0,0,40-49,Male,"$10,000 to $15,000",Some college,4310
,,,,,,,,,,,,,,,,,,,,14,25,16,26,27,13,31,16,27,28,21,12,25,16,16,13,83,25,20,18,50-59,Female,"$35,000 to $50,000","High school degree or equivalent (e.g., GED)",7919
,,,,,,,,,,,,,,,,,,,,35,77,43,17,48,47,74,54,41,58,45,63,44,50,56,52,60,52,57,58,50-59,Female,"Over $100,000",Some college,755
,,,,,,,,,,,,,,,,,,,,47,91,52,45,51,55,75,49,48,52,48,74,45,39,53,49,76,44,41,49,50-59,Female,"$80,000 to $100,000",Vocational Training,9154
22,80,18,14,21,5,4,7,15,11,16,14,26,19,15,25,29,23,18,24,,,,,,,,,,,,,,,,,,,,,30-39,Male,"$25,000 to $35,000",Bachelor degree,8123
12,100,31,12,64,62,80,69,29,69,60,74,67,47,75,25,87,62,40,70,,,,,,,,,,,,,,,,,,,,,40-49,Female,"$65,000 to $80,000",Graduate degree,6869
,,,,,,,,,,,,,,,,,,,,46,50,39,59,54,52,53,62,52,58,57,55,54,54,53,48,61,53,60,66,21-29,Male,"$35,000 to $50,000",Some college,9501
0,100,0,0,0,22,98,0,0,4,0,100,0,0,0,0,100,0,15,0,,,,,,,,,,,,,,,,,,,,,30-39,Male,"$15,000 to $25,000",Graduate degree,2408
,,,,,,,,,,,,,,,,,,,,63,43,15,100,39,69,41,64,77,59,55,44,46,62,47,55,56,45,55,46,40-49,Male,"$80,000 to $100,000",Bachelor degree,6994
36,81,39,45,44,30,75,34,56,50,44,72,41,31,42,33,76,53,60,39,,,,,,,,,,,,,,,,,,,,,40-49,Male,"$50,000 to $65,000",Bachelor degree,1622
6,100,6,6,5,0,100,16,0,39,39,100,1,22,43,0,100,0,0,0,,,,,,,,,,,,,,,,,,,,,60-69,Female,"Over $100,000",Bachelor degree,5275
8,100,10,23,12,40,93,27,61,33,30,87,38,46,38,15,97,15,2,7,,,,,,,,,,,,,,,,,,,,,21-29,Female,"$35,000 to $50,000",Bachelor degree,2706
,,,,,,,,,,,,,,,,,,,,78,72,67,71,89,68,68,75,86,75,82,83,77,70,83,90,81,76,79,65,21-29,Male,"$25,000 to $35,000",Bachelor degree,266
47,95,51,23,51,14,89,36,39,26,51,92,52,53,52,47,91,51,49,50,,,,,,,,,,,,,,,,,,,,,21-29,Male,"$65,000 to $80,000",Graduate degree,6597
33,100,21,31,53,28,99,20,76,52,32,100,32,71,32,51,58,51,57,51,,,,,,,,,,,,,,,,,,,,,60-69,Female,"$65,000 to $80,000",Bachelor degree,1636
,,,,,,,,,,,,,,,,,,,,52,83,52,62,37,51,44,52,70,52,51,51,25,73,42,43,88,52,56,44,50-59,Female,"$35,000 to $50,000",Graduate degree,8309
0,100,6,0,7,5,88,6,6,5,9,97,24,18,22,13,95,13,8,18,,,,,,,,,,,,,,,,,,,,,30-39,Male,"$15,000 to $25,000",Bachelor degree,104
,,,,,,,,,,,,,,,,,,,,69,87,62,83,72,68,84,59,65,66,63,87,62,83,68,66,86,61,76,62,40-49,Female,"$65,000 to $80,000",Bachelor degree,8788
,,,,,,,,,,,,,,,,,,,,51,83,77,94,34,78,79,53,34,79,22,60,52,74,67,43,46,28,84,65,21-29,Female,"$35,000 to $50,000",Some college,2248
11,91,22,15,27,15,74,35,38,33,28,67,34,26,25,22,70,57,35,26,,,,,,,,,,,,,,,,,,,,,30-39,Male,"$50,000 to $65,000",Bachelor degree,4233
30,84,42,32,36,32,78,45,35,33,43,69,42,41,46,54,68,56,61,56,,,,,,,,,,,,,,,,,,,,,21-29,Female,"$10,000 to $15,000",Some college,6794
,,,,,,,,,,,,,,,,,,,,30,96,17,87,60,32,43,64,67,57,27,60,5,27,36,62,90,40,68,60,30-39,Male,"$25,000 to $35,000",Bachelor degree,6236
15,84,23,24,37,27,78,16,16,31,29,83,29,19,28,35,91,26,25,32,,,,,,,,,,,,,,,,,,,,,30-39,Female,"$50,000 to $65,000",Bachelor degree,4260
41,75,33,31,44,50,50,49,51,50,51,70,38,52,41,39,70,39,38,42,,,,,,,,,,,,,,,,,,,,,40-49,Male,"Over $100,000",Bachelor degree,2202
,,,,,,,,,,,,,,,,,,,,59,35,54,81,51,42,46,26,72,38,54,26,25,75,42,54,35,48,69,45,30-39,Male,"$10,000 to $15,000",Bachelor degree,669
,,,,,,,,,,,,,,,,,,,,10,87,2,8,9,20,82,25,9,42,12,92,25,12,26,9,8,25,10,25,30-39,Female,"Over $100,000","High school degree or equivalent (e.g., GED)",7780
,,,,,,,,,,,,,,,,,,,,42,75,51,40,39,51,63,51,71,75,63,64,50,64,52,75,51,70,57,73,50-59,Female,"$50,000 to $65,000","High school degree or equivalent (e.g., GED)",7748
57,92,34,28,41,65,66,67,65,63,84,24,67,83,83,44,87,66,74,57,,,,,,,,,,,,,,,,,,,,,70 or older,Female,"Over $100,000",Graduate degree,4383
,,,,,,,,,,,,,,,,,,,,29,83,43,28,41,41,88,41,31,40,25,88,20,25,25,40,88,37,36,37,21-29,Male,"$50,000 to $65,000",Bachelor degree,4481
,,,,,,,,,,,,,,,,,,,,7,57,0,5,28,75,53,67,89,58,77,55,52,77,59,73,58,66,93,52,50-59,Female,"$25,000 to $35,000",Vocational Training,2457
51,51,52,69,52,47,51,52,52,52,54,51,52,35,53,36,67,52,52,51,,,,,,,,,,,,,,,,,,,,,21-29,Female,"Less than $5,000",Some college,9033
,,,,,,,,,,,,,,,,,,,,99,85,89,8,86,58,83,36,25,69,60,83,56,43,63,65,74,44,66,57,40-49,Female,"$65,000 to $80,000",Bachelor degree,6124
3,98,2,2,3,30,82,37,30,23,40,81,38,37,37,1,96,5,19,7,,,,,,,,,,,,,,,,,,,,,21-29,Male,"Over $100,000",Graduate degree,7723
41,58,41,42,42,16,87,26,17,17,29,73,12,26,13,47,68,47,46,48,,,,,,,,,,,,,,,,,,,,,21-29,Male,"Over $100,000",Some college,8994
0,100,0,0,16,0,100,0,0,8,0,100,0,0,13,0,100,0,0,13,,,,,,,,,,,,,,,,,,,,,30-39,Female,"Over $100,000",Some college,6856
,,,,,,,,,,,,,,,,,,,,56,59,57,57,53,52,51,45,52,54,51,49,48,49,45,46,47,49,47,47,30-39,Female,"$50,000 to $65,000",Some college,8557
,,,,,,,,,,,,,,,,,,,,51,15,49,50,49,47,5,51,48,48,36,50,39,49,34,49,24,48,47,47,30-39,Male,"$50,000 to $65,000",Bachelor degree,4155
56,73,51,34,57,68,19,43,36,70,35,67,36,65,66,44,94,14,23,43,,,,,,,,,,,,,,,,,,,,,21-29,Male,"$10,000 to $15,000",Some college,7511
,,,,,,,,,,,,,,,,,,,,53,82,75,28,53,51,84,41,39,57,54,85,30,43,49,58,82,32,55,52,30-39,Male,"$35,000 to $50,000",Some college,8726
,,,,,,,,,,,,,,,,,,,,67,97,57,22,62,6,82,74,63,67,24,95,5,24,41,77,100,74,73,67,60-69,Female,"$15,000 to $25,000",Some college,5107
30,100,68,0,52,50,85,53,30,53,36,100,43,23,43,46,77,39,36,50,,,,,,,,,,,,,,,,,,,,,21-29,Other,"Less than $5,000",Less than high school degree,43
22,90,33,8,59,68,77,72,73,77,67,92,5,21,71,25,85,80,28,20,,,,,,,,,,,,,,,,,,,,,21-29,Male,"Over $100,000",Some college,2647
,,,,,,,,,,,,,,,,,,,,31,67,46,27,37,12,69,28,12,28,41,60,39,40,27,26,70,32,33,45,30-39,Male,"$65,000 to $80,000",Bachelor degree,7551
,,,,,,,,,,,,,,,,,,,,13,100,25,0,33,51,52,52,37,54,40,56,52,39,47,26,100,26,0,28,30-39,Female,"$65,000 to $80,000",Bachelor degree,8292
35,28,35,74,62,37,62,40,39,32,85,20,35,76,74,61,25,52,58,62,,,,,,,,,,,,,,,,,,,,,21-29,Male,"$65,000 to $80,000",Some college,2111
,,,,,,,,,,,,,,,,,,,,63,31,79,71,66,59,60,71,65,69,37,78,25,45,35,57,70,50,40,45,30-39,Male,"$35,000 to $50,000",Some college,74
,,,,,,,,,,,,,,,,,,,,71,43,82,71,82,70,37,69,77,71,78,41,64,75,64,69,38,66,70,62,21-29,Male,"$25,000 to $35,000",Graduate degree,4605
84,67,82,85,88,85,65,85,85,87,36,92,52,67,52,80,73,72,82,84,,,,,,,,,,,,,,,,,,,,,40-49,Female,"Over $100,000",Bachelor degree,245
,,,,,,,,,,,,,,,,,,,,58,17,51,57,58,60,45,65,66,62,61,42,54,60,55,68,52,62,74,71,60-69,Female,"$35,000 to $50,000",Bachelor degree,502
,,,,,,,,,,,,,,,,,,,,37,87,50,38,46,74,72,47,70,73,52,65,45,53,44,40,76,53,69,61,30-39,Male,"Over $100,000",Bachelor degree,3417
15,100,0,14,12,51,100,47,0,52,51,100,28,31,41,51,100,52,18,51,,,,,,,,,,,,,,,,,,,,,21-29,Male,"$65,000 to $80,000",Bachelor degree,7458
0,100,0,0,0,0,100,0,0,0,0,100,0,0,0,0,100,0,0,0,,,,,,,,,,,,,,,,,,,,,21-29,Female,"$35,000 to $50,000",Some college,8569
,,,,,,,,,,,,,,,,,,,,57,35,57,58,58,33,81,51,50,53,56,74,56,53,56,69,17,66,68,68,60-69,Female,"$80,000 to $100,000",Bachelor degree,4036
,,,,,,,,,,,,,,,,,,,,37,94,52,53,53,34,99,52,81,53,53,100,32,68,53,52,98,17,81,52,30-39,Female,"$35,000 to $50,000","High school degree or equivalent (e.g., GED)",9103
,,,,,,,,,,,,,,,,,,,,40,76,84,95,83,80,87,75,72,73,41,78,77,79,65,90,50,94,100,95,30-39,Female,"$35,000 to $50,000",Some college,8688
30,77,33,37,39,44,70,32,44,50,51,74,47,52,47,41,69,8,12,51,,,,,,,,,,,,,,,,,,,,,40-49,Female,"$65,000 to $80,000",Graduate degree,1997
17,100,29,16,21,32,77,33,32,33,27,100,23,31,26,30,84,29,42,31,,,,,,,,,,,,,,,,,,,,,30-39,Male,"$35,000 to $50,000",Bachelor degree,5180
,,,,,,,,,,,,,,,,,,,,74,88,30,83,26,69,70,65,73,65,39,66,37,67,41,61,67,61,64,63,30-39,Male,"Over $100,000",Graduate degree,3308
,,,,,,,,,,,,,,,,,,,,64,81,71,70,68,73,85,70,76,70,55,63,43,45,55,66,80,59,71,69,50-59,Male,"Over $100,000",Bachelor degree,1243
,,,,,,,,,,,,,,,,,,,,39,60,41,67,40,62,59,40,63,35,65,53,61,66,68,61,59,64,41,52,40-49,Male,"Over $100,000",Some college,3061
48,92,49,53,52,47,85,38,23,42,49,96,50,46,43,43,97,27,36,37,,,,,,,,,,,,,,,,,,,,,21-29,Male,"$35,000 to $50,000",Bachelor degree,1036
,,,,,,,,,,,,,,,,,,,,71,46,71,92,73,71,29,79,80,82,70,25,71,72,76,81,35,80,85,74,40-49,Female,"$80,000 to $100,000",Bachelor degree,52
39,73,38,36,27,25,86,35,27,34,40,67,28,31,20,28,81,18,36,26,,,,,,,,,,,,,,,,,,,,,30-39,Male,"$10,000 to $15,000",Vocational Training,503
,,,,,,,,,,,,,,,,,,,,53,60,46,58,44,10,84,10,20,7,53,61,49,62,49,57,74,47,60,44,30-39,Female,"$35,000 to $50,000",Some college,6297
,,,,,,,,,,,,,,,,,,,,53,30,76,54,62,31,36,53,24,66,32,94,26,7,36,54,64,40,45,40,21-29,Female,"$50,000 to $65,000",Some college,1220
,,,,,,,,,,,,,,,,,,,,51,23,52,77,52,51,18,52,74,52,51,22,52,74,52,51,51,50,52,74,30-39,Female,"$25,000 to $35,000",Bachelor degree,1223
80,10,33,13,79,76,29,88,74,98,84,3,39,13,35,70,26,88,26,97,,,,,,,,,,,,,,,,,,,,,30-39,Male,"$25,000 to $35,000",Some college,9136
,,,,,,,,,,,,,,,,,,,,58,59,59,52,53,58,62,53,59,57,56,61,55,65,56,60,63,53,56,53,50-59,Female,"Over $100,000",Bachelor degree,5706
20,78,36,19,35,37,76,38,36,37,35,75,37,36,36,30,84,43,31,39,,,,,,,,,,,,,,,,,,,,,50-59,Female,"$80,000 to $100,000",Graduate degree,7148
,,,,,,,,,,,,,,,,,,,,33,91,52,70,52,37,60,52,61,52,51,75,3,57,29,51,73,26,72,23,30-39,Female,"$35,000 to $50,000",Some college,5662
6,98,15,0,14,9,89,19,75,18,0,99,10,1,4,10,98,45,2,40,,,,,,,,,,,,,,,,,,,,,30-39,Female,"Over $100,000",Some college,9101
26,100,38,40,55,42,100,47,23,34,25,100,28,25,24,30,100,44,54,67,,,,,,,,,,,,,,,,,,,,,30-39,Female,"$15,000 to $25,000",Bachelor degree,3314
,,,,,,,,,,,,,,,,,,,,63,71,77,63,81,54,72,41,61,55,70,42,70,60,81,59,86,71,73,61,30-39,Male,"$65,000 to $80,000",Bachelor degree,5684
10,70,27,22,26,72,24,17,67,50,0,100,0,0,0,0,100,0,0,0,,,,,,,,,,,,,,,,,,,,,30-39,Male,"$65,000 to $80,000",Graduate degree,7756
24,98,18,45,28,45,100,32,32,44,20,77,23,44,8,43,45,52,48,48,,,,,,,,,,,,,,,,,,,,,21-29,Male,"$65,000 to $80,000",Bachelor degree,1733
34,100,30,8,41,40,92,37,39,54,44,84,53,34,46,61,85,69,62,75,,,,,,,,,,,,,,,,,,,,,21-29,Male,"$25,000 to $35,000",Some college,7470
,,,,,,,,,,,,,,,,,,,,7,76,22,7,33,21,86,22,18,50,44,90,13,42,35,40,85,15,41,40,21-29,Female,"$15,000 to $25,000",Bachelor degree,7270
30,97,43,32,41,49,84,48,48,51,32,91,45,48,43,41,93,39,45,44,,,,,,,,,,,,,,,,,,,,,50-59,Male,"Over $100,000",Bachelor degree,1111
16,98,29,17,8,23,94,23,24,49,51,87,48,37,46,33,95,52,3,43,,,,,,,,,,,,,,,,,,,,,30-39,Female,"$25,000 to $35,000",Some college,7353
31,92,41,32,45,32,98,11,28,28,12,92,30,10,37,25,100,49,21,30,,,,,,,,,,,,,,,,,,,,,30-39,Female,"$65,000 to $80,000",Bachelor degree,859
,,,,,,,,,,,,,,,,,,,,58,67,51,43,48,0,100,0,0,0,25,84,8,24,34,52,22,51,51,51,40-49,Male,"$15,000 to $25,000","High school degree or equivalent (e.g., GED)",292
0,100,3,0,0,4,100,14,0,13,18,100,10,4,28,25,96,11,25,28,,,,,,,,,,,,,,,,,,,,,30-39,Male,"$50,000 to $65,000",Bachelor degree,4280
,,,,,,,,,,,,,,,,,,,,50,83,65,42,52,69,82,52,56,49,27,89,52,39,52,67,63,65,65,58,50-59,Female,"Over $100,000",Graduate degree,4218
40,69,32,36,51,36,77,35,33,42,45,66,45,44,49,34,85,19,29,39,,,,,,,,,,,,,,,,,,,,,30-39,Male,"$15,000 to $25,000",Some college,1482
76,18,86,86,85,43,72,61,61,73,72,35,83,80,79,77,31,71,75,70,,,,,,,,,,,,,,,,,,,,,18-20,Male,"$25,000 to $35,000",Some college,6580
40,68,27,40,31,57,45,59,60,57,56,53,40,64,52,38,71,39,46,51,,,,,,,,,,,,,,,,,,,,,30-39,Male,"$50,000 to $65,000",Bachelor degree,2501
,,,,,,,,,,,,,,,,,,,,36,95,43,61,35,59,92,64,44,64,37,90,37,65,37,28,81,25,41,39,50-59,Male,"$50,000 to $65,000",Some college,1446
39,100,50,15,48,13,98,3,3,19,11,95,5,7,24,28,95,22,9,52,,,,,,,,,,,,,,,,,,,,,21-29,Male,"Over $100,000",Bachelor degree,3754
,,,,,,,,,,,,,,,,,,,,40,95,44,10,48,44,75,41,39,44,64,66,47,47,46,84,37,86,80,77,21-29,Male,"$35,000 to $50,000",Some college,6966
,,,,,,,,,,,,,,,,,,,,100,8,89,90,96,78,29,84,96,95,74,39,71,69,86,100,15,84,92,100,60-69,Female,"$15,000 to $25,000",Some college,6596
,,,,,,,,,,,,,,,,,,,,42,94,52,30,40,66,70,45,41,54,66,39,63,66,68,33,100,16,38,43,30-39,Male,"$50,000 to $65,000",Vocational Training,481
51,82,53,38,52,51,91,21,64,52,51,90,29,38,25,51,84,37,38,51,,,,,,,,,,,,,,,,,,,,,30-39,Male,"Over $100,000",Some college,9942
16,94,35,23,52,28,75,36,13,52,30,91,30,19,52,22,77,37,26,51,,,,,,,,,,,,,,,,,,,,,30-39,Female,"$15,000 to $25,000",Some college,3954
19,100,7,0,11,33,100,27,33,33,37,100,36,12,41,28,92,31,25,32,,,,,,,,,,,,,,,,,,,,,21-29,Male,"$65,000 to $80,000",Bachelor degree,9643
,,,,,,,,,,,,,,,,,,,,32,69,41,31,41,18,100,2,13,21,43,100,38,34,27,39,61,40,32,44,30-39,Male,"$50,000 to $65,000",Bachelor degree,812
,,,,,,,,,,,,,,,,,,,,50,51,50,51,50,16,80,51,50,51,18,85,28,51,50,13,82,51,51,50,21-29,Male,"$50,000 to $65,000",Some college,4941
,,,,,,,,,,,,,,,,,,,,41,96,55,42,62,65,57,52,76,54,61,56,48,70,60,61,63,60,45,60,30-39,Male,"$80,000 to $100,000",Bachelor degree,219
,,,,,,,,,,,,,,,,,,,,46,80,52,42,52,47,77,47,38,52,43,67,52,46,55,44,81,46,48,48,30-39,Female,"$50,000 to $65,000",Graduate degree,2368
21,100,21,21,21,28,0,29,28,28,33,100,32,33,31,40,0,22,39,41,,,,,,,,,,,,,,,,,,,,,50-59,Female,"$80,000 to $100,000",Some college,8685
,,,,,,,,,,,,,,,,,,,,19,91,22,23,46,30,73,45,43,47,37,83,23,31,19,30,92,20,42,48,30-39,Female,"$80,000 to $100,000",Graduate degree,327
14,95,10,8,11,16,93,17,8,20,11,91,11,16,15,13,86,39,15,32,,,,,,,,,,,,,,,,,,,,,30-39,Male,"$15,000 to $25,000",Bachelor degree,4842
,,,,,,,,,,,,,,,,,,,,18,90,18,22,47,19,80,19,19,45,23,84,22,23,37,11,89,21,15,45,40-49,Female,"$25,000 to $35,000",Some college,5445
21,91,34,19,28,12,98,12,15,32,28,100,40,36,34,15,100,29,1,9,,,,,,,,,,,,,,,,,,,,,30-39,Female,"Over $100,000",Graduate degree,2153
21,67,52,22,51,35,71,49,30,52,30,70,52,36,52,51,73,52,27,51,,,,,,,,,,,,,,,,,,,,,50-59,Female,"$35,000 to $50,000",Bachelor degree,8295
41,71,65,21,44,6,100,10,8,11,10,92,8,11,8,0,100,0,0,0,,,,,,,,,,,,,,,,,,,,,21-29,Male,"$35,000 to $50,000",Bachelor degree,8031
,,,,,,,,,,,,,,,,,,,,50,88,50,45,50,44,100,50,30,41,49,100,50,27,48,49,83,50,34,49,30-39,Male,"$80,000 to $100,000",Bachelor degree,7905
37,81,45,31,57,45,91,65,33,67,19,91,36,35,58,40,86,31,36,70,,,,,,,,,,,,,,,,,,,,,30-39,Female,"Over $100,000",Bachelor degree,6972
,,,,,,,,,,,,,,,,,,,,9,100,22,28,35,14,100,2,1,6,56,58,60,73,60,62,95,59,62,69,40-49,Female,"$35,000 to $50,000",Some college,3687
,,,,,,,,,,,,,,,,,,,,31,38,40,32,21,0,100,4,0,5,47,45,52,81,39,73,43,37,69,44,21-29,Female,"$35,000 to $50,000",Some college,1851
12,100,17,11,33,84,22,67,99,87,24,96,21,23,7,1,100,2,0,20,,,,,,,,,,,,,,,,,,,,,30-39,Male,"$35,000 to $50,000",Some college,2196
36,92,36,40,45,34,79,40,41,39,44,86,40,41,45,45,78,38,43,46,,,,,,,,,,,,,,,,,,,,,21-29,Female,"$25,000 to $35,000",Graduate degree,7613
26,74,37,34,29,24,72,27,17,28,15,76,42,34,24,28,78,43,22,26,,,,,,,,,,,,,,,,,,,,,30-39,Male,"$35,000 to $50,000",Some college,732
30,100,30,31,29,34,100,23,32,32,36,100,18,32,34,25,100,34,24,39,,,,,,,,,,,,,,,,,,,,,40-49,Female,"$80,000 to $100,000",Bachelor degree,1286
19,86,36,20,40,24,82,33,10,48,43,71,28,74,68,37,45,16,43,44,,,,,,,,,,,,,,,,,,,,,30-39,Male,"$35,000 to $50,000",Bachelor degree,7932
28,100,41,28,37,41,69,46,22,52,33,95,44,26,44,42,95,53,40,54,,,,,,,,,,,,,,,,,,,,,30-39,Female,"$15,000 to $25,000","High school degree or equivalent (e.g., GED)",8101
,,,,,,,,,,,,,,,,,,,,51,59,50,67,51,36,45,29,40,45,50,45,45,49,39,88,17,73,91,82,30-39,Male,"$10,000 to $15,000",Some college,6749
,,,,,,,,,,,,,,,,,,,,10,78,6,100,3,80,80,9,15,9,5,89,43,75,13,18,74,14,68,20,21-29,Female,"$35,000 to $50,000",Bachelor degree,9810
,,,,,,,,,,,,,,,,,,,,0,100,0,0,52,51,100,52,26,52,51,51,52,52,52,51,76,52,52,51,40-49,Female,"$35,000 to $50,000",Some college,9317
,,,,,,,,,,,,,,,,,,,,13,100,0,0,46,77,67,77,78,67,79,62,80,98,59,81,77,55,88,76,30-39,Female,"$35,000 to $50,000",Bachelor degree,6145
38,100,39,37,44,41,100,46,44,49,46,100,50,33,52,41,100,30,39,47,,,,,,,,,,,,,,,,,,,,,40-49,Female,"$35,000 to $50,000",Some college,2146
28,100,38,17,44,44,100,18,10,44,23,100,26,20,27,46,100,48,23,54,,,,,,,,,,,,,,,,,,,,,40-49,Female,"$25,000 to $35,000",Bachelor degree,1127
,,,,,,,,,,,,,,,,,,,,17,93,21,20,20,13,89,20,14,22,21,82,29,29,28,4,96,7,20,22,50-59,Male,"Over $100,000",Graduate degree,7354
0,100,5,0,4,0,100,7,0,7,0,100,5,0,3,0,100,8,0,9,,,,,,,,,,,,,,,,,,,,,21-29,Male,"$25,000 to $35,000",Some college,9807
,,,,,,,,,,,,,,,,,,,,62,57,47,62,61,54,57,47,52,47,55,60,54,57,58,52,75,41,60,58,30-39,Female,"$65,000 to $80,000",Bachelor degree,4667
29,71,22,25,35,42,74,44,38,44,35,74,25,35,35,44,67,44,45,51,,,,,,,,,,,,,,,,,,,,,30-39,Male,"$50,000 to $65,000",Bachelor degree,4254
15,83,51,23,51,23,83,36,14,52,20,87,38,19,50,25,78,33,16,50,,,,,,,,,,,,,,,,,,,,,21-29,Male,"$35,000 to $50,000",Bachelor degree,1516
,,,,,,,,,,,,,,,,,,,,29,77,34,36,25,40,67,41,42,39,44,66,38,46,48,44,65,39,46,42,30-39,Male,"Over $100,000",Bachelor degree,6352
0,100,0,0,0,0,100,0,1,0,0,100,0,0,0,13,100,15,14,12,,,,,,,,,,,,,,,,,,,,,40-49,Female,"$50,000 to $65,000","High school degree or equivalent (e.g., GED)",2297
,,,,,,,,,,,,,,,,,,,,64,60,66,59,57,60,59,60,60,63,61,41,67,76,78,70,69,67,66,69,30-39,Male,"$25,000 to $35,000",Bachelor degree,3934
,,,,,,,,,,,,,,,,,,,,51,36,52,73,70,66,29,52,73,68,73,32,18,81,52,64,36,52,66,65,50-59,Male,"$35,000 to $50,000",Some college,7493
53,51,52,51,52,52,51,52,51,52,50,48,50,48,50,51,58,50,51,49,,,,,,,,,,,,,,,,,,,,,21-29,Male,"$25,000 to $35,000",Graduate degree,7612
13,95,7,15,37,30,72,45,22,50,20,93,21,14,22,47,76,15,46,48,,,,,,,,,,,,,,,,,,,,,30-39,Male,"$50,000 to $65,000",Bachelor degree,5431
,,,,,,,,,,,,,,,,,,,,54,65,60,62,60,64,66,60,61,67,63,61,67,68,66,45,69,49,45,47,50-59,Male,"$25,000 to $35,000",Bachelor degree,6680
,,,,,,,,,,,,,,,,,,,,42,59,39,60,52,51,51,57,66,59,55,60,52,57,58,44,62,43,67,45,30-39,Female,"$80,000 to $100,000",Bachelor degree,8938
51,100,52,52,52,51,100,52,52,52,22,51,52,20,52,51,100,52,52,52,,,,,,,,,,,,,,,,,,,,,50-59,Female,"$35,000 to $50,000",Some college,4537
24,83,22,25,25,21,79,17,22,18,20,88,21,26,22,33,97,19,22,31,,,,,,,,,,,,,,,,,,,,,40-49,Female,"$80,000 to $100,000",Some college,7748
,,,,,,,,,,,,,,,,,,,,32,75,52,40,52,60,38,61,63,57,51,58,52,52,61,41,56,43,58,51,40-49,Female,"$15,000 to $25,000",Bachelor degree,1730
23,82,34,30,31,17,100,27,20,33,31,93,35,44,28,25,91,55,34,33,,,,,,,,,,,,,,,,,,,,,30-39,Female,"$35,000 to $50,000",Bachelor degree,5122
,,,,,,,,,,,,,,,,,,,,16,94,5,0,19,26,50,36,68,42,72,72,15,24,25,9,88,4,14,31,30-39,Female,"$25,000 to $35,000",Some college,2547
,,,,,,,,,,,,,,,,,,,,56,15,83,83,52,81,18,81,83,49,84,14,84,84,52,76,17,78,100,51,30-39,Female,"$35,000 to $50,000",Vocational Training,8405
51,72,73,66,61,51,60,34,60,52,51,65,62,52,39,51,65,53,75,63,,,,,,,,,,,,,,,,,,,,,21-29,Male,"$25,000 to $35,000","High school degree or equivalent (e.g., GED)",6981
33,100,51,0,51,0,76,52,0,50,0,100,51,0,52,0,100,0,0,0,,,,,,,,,,,,,,,,,,,,,21-29,Female,"$15,000 to $25,000",Bachelor degree,618
31,65,52,25,68,31,25,52,79,76,71,28,62,21,77,34,21,70,40,73,,,,,,,,,,,,,,,,,,,,,21-29,Male,"$10,000 to $15,000",Some college,404
,,,,,,,,,,,,,,,,,,,,40,60,48,66,47,48,56,49,62,50,47,58,44,66,45,45,50,46,63,45,50-59,Male,"$35,000 to $50,000",Bachelor degree,7835
77,29,31,70,80,73,15,52,75,75,71,21,42,84,78,15,83,20,18,14,,,,,,,,,,,,,,,,,,,,,21-29,Male,"$10,000 to $15,000",Bachelor degree,3256
78,72,74,96,88,90,81,72,96,83,95,81,79,93,73,71,81,93,83,95,,,,,,,,,,,,,,,,,,,,,30-39,Male,"$25,000 to $35,000",Graduate degree,9095
,,,,,,,,,,,,,,,,,,,,57,64,49,59,53,65,49,37,78,60,55,43,58,74,69,71,43,82,71,67,21-29,Male,"$25,000 to $35,000",Graduate degree,949
,,,,,,,,,,,,,,,,,,,,21,89,23,20,22,81,90,84,86,80,78,78,62,75,77,74,87,71,80,71,40-49,Male,"$25,000 to $35,000","High school degree or equivalent (e.g., GED)",9073
17,100,28,6,18,27,100,45,19,37,44,90,36,30,36,16,100,30,10,40,,,,,,,,,,,,,,,,,,,,,30-39,Male,"$80,000 to $100,000",Graduate degree,7160
,,,,,,,,,,,,,,,,,,,,51,72,52,79,69,40,67,52,41,52,44,80,52,63,52,51,62,38,83,51,50-59,Female,"$10,000 to $15,000",Some college,3742
8,88,42,22,48,11,86,36,14,48,18,89,47,18,46,10,85,49,15,48,,,,,,,,,,,,,,,,,,,,,60-69,Female,"$15,000 to $25,000",Graduate degree,6515
7,96,8,8,8,22,96,24,22,36,22,97,24,23,32,21,96,22,22,40,,,,,,,,,,,,,,,,,,,,,60-69,Female,"$10,000 to $15,000",Graduate degree,2791
,,,,,,,,,,,,,,,,,,,,74,38,52,72,60,55,47,52,63,52,62,41,56,70,53,59,46,54,67,51,30-39,Male,"$5,000 to $10,000",Some college,3199
,,,,,,,,,,,,,,,,,,,,71,62,92,86,75,90,82,81,100,88,80,81,57,100,66,100,49,100,100,100,21-29,Female,"Less than $5,000","High school degree or equivalent (e.g., GED)",696
0,100,0,0,0,0,100,0,0,0,0,100,0,0,0,0,100,0,0,0,,,,,,,,,,,,,,,,,,,,,21-29,Male,"Less than $5,000",Bachelor degree,6407
,,,,,,,,,,,,,,,,,,,,82,70,65,93,95,79,56,61,95,84,82,70,63,95,95,85,71,65,96,92,40-49,Male,"Over $100,000",Graduate degree,184
,,,,,,,,,,,,,,,,,,,,57,66,52,50,51,50,75,50,50,49,51,40,73,52,54,51,67,31,35,51,30-39,Male,"Over $100,000",Bachelor degree,3515
,,,,,,,,,,,,,,,,,,,,6,88,10,31,30,9,82,21,11,39,75,18,94,67,88,23,56,80,72,70,30-39,Male,"Over $100,000",Bachelor degree,6679
43,91,47,35,49,34,86,33,36,34,43,87,38,45,46,43,85,40,47,44,,,,,,,,,,,,,,,,,,,,,30-39,Female,"$35,000 to $50,000",Graduate degree,3306
27,96,27,21,29,22,96,23,21,26,18,90,15,17,16,19,91,22,24,20,,,,,,,,,,,,,,,,,,,,,70 or older,Female,"$15,000 to $25,000","High school degree or equivalent (e.g., GED)",8410
,,,,,,,,,,,,,,,,,,,,52,89,53,18,52,51,85,56,30,52,39,84,53,41,53,51,88,18,53,51,30-39,Female,"$15,000 to $25,000",Vocational Training,1178
46,100,40,34,55,56,100,35,43,61,56,100,21,41,59,35,95,6,15,62,,,,,,,,,,,,,,,,,,,,,50-59,Male,"$15,000 to $25,000",Less than high school degree,8378
,,,,,,,,,,,,,,,,,,,,100,10,85,100,92,22,14,30,26,39,33,100,18,26,28,1,93,19,1,51,21-29,Female,"Over $100,000",Bachelor degree,4707
,,,,,,,,,,,,,,,,,,,,59,68,57,58,65,76,35,72,83,86,62,65,67,65,59,96,13,78,96,96,30-39,Male,"$10,000 to $15,000",Some college,6782
,,,,,,,,,,,,,,,,,,,,19,80,32,23,18,85,92,28,32,34,1,99,7,1,8,64,29,64,63,62,30-39,Female,"Over $100,000",Bachelor degree,3
0,100,5,1,0,0,100,7,3,11,15,100,12,14,8,0,100,6,2,7,,,,,,,,,,,,,,,,,,,,,50-59,Male,"$50,000 to $65,000",Graduate degree,5750
25,70,52,34,59,15,97,36,19,26,28,76,34,28,15,53,65,47,40,51,,,,,,,,,,,,,,,,,,,,,21-29,Male,"$65,000 to $80,000",Graduate degree,4160
19,95,38,34,33,21,93,19,21,29,57,45,63,62,57,47,76,55,47,65,,,,,,,,,,,,,,,,,,,,,40-49,Female,"$25,000 to $35,000",Some college,9201
0,100,52,0,0,0,100,52,0,52,0,100,52,0,20,0,100,52,0,51,,,,,,,,,,,,,,,,,,,,,30-39,Male,"$50,000 to $65,000",Bachelor degree,8578
39,61,43,42,54,44,63,53,53,53,52,53,53,53,53,53,60,54,54,53,,,,,,,,,,,,,,,,,,,,,30-39,Female,"$50,000 to $65,000",Vocational Training,1569
,,,,,,,,,,,,,,,,,,,,44,59,42,72,61,37,75,30,68,43,75,72,59,80,76,72,26,61,86,65,30-39,Male,"$10,000 to $15,000",Some college,2741
27,94,37,19,44,38,97,20,30,46,43,95,28,43,51,36,92,13,36,50,,,,,,,,,,,,,,,,,,,,,40-49,Male,"$15,000 to $25,000",Vocational Training,5156
,,,,,,,,,,,,,,,,,,,,51,66,52,59,68,51,19,52,20,74,56,43,57,63,78,77,9,52,89,71,30-39,Female,"$35,000 to $50,000",Bachelor degree,9676
,,,,,,,,,,,,,,,,,,,,79,66,59,15,37,82,90,59,41,32,24,83,41,43,34,30,85,37,23,42,30-39,Female,"$35,000 to $50,000",Vocational Training,695
67,17,66,67,64,51,51,52,52,68,51,13,75,52,73,49,18,52,52,51,,,,,,,,,,,,,,,,,,,,,40-49,Female,"Over $100,000",Some college,551
94,76,17,98,96,88,54,30,79,82,78,47,15,74,74,92,50,16,81,77,,,,,,,,,,,,,,,,,,,,,21-29,Female,"Over $100,000",Some college,4603
0,100,0,1,0,0,100,0,0,0,0,100,1,0,1,0,100,0,0,0,,,,,,,,,,,,,,,,,,,,,30-39,Female,"$50,000 to $65,000",Bachelor degree,168
33,89,23,19,41,18,94,16,14,16,26,88,25,21,32,16,92,18,23,29,,,,,,,,,,,,,,,,,,,,,21-29,Female,"$25,000 to $35,000",Bachelor degree,560
0,100,4,5,18,51,62,56,46,52,17,82,52,37,17,23,100,0,0,9,,,,,,,,,,,,,,,,,,,,,30-39,Female,"$65,000 to $80,000",Graduate degree,2060
,,,,,,,,,,,,,,,,,,,,74,62,69,95,77,80,77,90,97,88,78,14,80,85,81,88,62,100,86,99,21-29,Male,"$35,000 to $50,000","High school degree or equivalent (e.g., GED)",6328
32,86,61,10,30,41,60,45,44,40,36,92,16,36,27,26,72,41,42,39,,,,,,,,,,,,,,,,,,,,,30-39,Male,"$50,000 to $65,000",Vocational Training,6963
0,100,0,0,0,0,100,0,0,0,0,100,0,0,0,0,100,0,0,0,,,,,,,,,,,,,,,,,,,,,21-29,Female,"$15,000 to $25,000","High school degree or equivalent (e.g., GED)",3229
26,100,51,15,36,27,100,47,32,24,15,96,50,8,26,23,98,35,32,49,,,,,,,,,,,,,,,,,,,,,30-39,Male,"$65,000 to $80,000",Bachelor degree,2354
,,,,,,,,,,,,,,,,,,,,84,0,79,79,80,100,0,100,100,100,0,0,0,0,0,95,0,91,99,80,21-29,Female,"$5,000 to $10,000","High school degree or equivalent (e.g., GED)",4528
,,,,,,,,,,,,,,,,,,,,78,68,77,92,64,39,73,44,59,10,60,28,93,85,43,74,35,22,89,13,40-49,Male,"$80,000 to $100,000",Bachelor degree,2869
,,,,,,,,,,,,,,,,,,,,42,91,62,32,64,19,84,37,18,52,60,81,37,25,52,36,89,23,17,31,30-39,Male,"$35,000 to $50,000",Some college,8256
,,,,,,,,,,,,,,,,,,,,0,100,5,5,37,9,90,9,0,14,9,100,8,4,15,0,100,4,6,8,21-29,Female,"Over $100,000",Graduate degree,9758
,,,,,,,,,,,,,,,,,,,,67,43,90,70,83,100,64,43,92,89,89,37,86,86,96,87,44,85,79,84,60-69,Male,"$15,000 to $25,000",Bachelor degree,7319
,,,,,,,,,,,,,,,,,,,,43,71,58,66,55,57,74,76,66,77,44,69,50,60,51,34,68,13,22,31,50-59,Female,"$50,000 to $65,000",Vocational Training,4078
26,75,27,26,43,52,69,45,57,57,47,63,50,57,45,36,71,47,49,51,,,,,,,,,,,,,,,,,,,,,60-69,Female,"Over $100,000",Vocational Training,5673
,,,,,,,,,,,,,,,,,,,,78,67,83,81,78,72,69,54,82,55,62,18,50,80,45,69,76,59,70,55,21-29,Female,"Over $100,000",Some college,5987
23,100,0,0,14,23,83,21,14,42,30,100,34,13,22,17,100,0,33,33,,,,,,,,,,,,,,,,,,,,,21-29,Female,"$50,000 to $65,000",Bachelor degree,9013
17,86,23,7,17,25,86,10,9,15,20,87,7,12,35,34,90,23,14,18,,,,,,,,,,,,,,,,,,,,,21-29,Female,"$10,000 to $15,000",Bachelor degree,829
,,,,,,,,,,,,,,,,,,,,100,51,100,100,100,100,51,100,100,100,100,51,100,100,100,100,51,100,100,100,40-49,Male,"$50,000 to $65,000","High school degree or equivalent (e.g., GED)",3665
,,,,,,,,,,,,,,,,,,,,50,71,51,73,63,55,81,64,73,51,50,54,29,66,48,66,74,51,74,59,30-39,Female,"Over $100,000",Some college,5483
,,,,,,,,,,,,,,,,,,,,89,56,89,86,85,74,63,74,84,74,79,63,63,79,65,83,53,86,82,82,30-39,Female,"$65,000 to $80,000",Some college,9789
44,92,47,28,49,38,30,42,25,44,45,41,47,46,45,39,39,31,44,42,,,,,,,,,,,,,,,,,,,,,30-39,Male,"$15,000 to $25,000","High school degree or equivalent (e.g., GED)",1433
,,,,,,,,,,,,,,,,,,,,82,39,100,93,70,27,88,29,21,25,24,34,35,89,7,61,85,66,83,43,30-39,Male,"$65,000 to $80,000",Graduate degree,1642
51,21,20,72,49,51,51,51,75,51,28,66,1,28,30,39,16,1,69,39,,,,,,,,,,,,,,,,,,,,,30-39,Male,"$50,000 to $65,000",Bachelor degree,2395
,,,,,,,,,,,,,,,,,,,,38,72,50,37,45,49,19,50,83,50,49,80,50,26,47,51,60,42,46,51,30-39,Female,"$35,000 to $50,000",Bachelor degree,7987
,,,,,,,,,,,,,,,,,,,,17,81,21,21,22,39,63,48,38,49,23,80,31,31,25,35,80,49,25,48,40-49,Female,"$65,000 to $80,000",Some college,6169
15,100,41,7,19,3,100,46,11,37,36,100,9,3,3,8,100,38,18,55,,,,,,,,,,,,,,,,,,,,,30-39,Female,"$25,000 to $35,000","High school degree or equivalent (e.g., GED)",4193
,,,,,,,,,,,,,,,,,,,,38,100,30,31,44,37,100,41,23,44,28,100,20,42,41,25,100,16,25,42,21-29,Male,"$25,000 to $35,000",Bachelor degree,2274
,,,,,,,,,,,,,,,,,,,,73,24,71,59,58,61,43,67,47,70,63,36,66,64,59,67,36,67,78,58,21-29,Male,"$50,000 to $65,000",Some college,9596
69,93,89,73,75,87,74,87,79,89,26,95,16,30,13,39,64,40,98,44,,,,,,,,,,,,,,,,,,,,,30-39,Male,"$80,000 to $100,000",Some college,6480
,,,,,,,,,,,,,,,,,,,,39,77,30,45,32,35,79,29,50,38,35,77,36,45,31,34,80,32,47,33,30-39,Male,"$15,000 to $25,000",Bachelor degree,5281
,,,,,,,,,,,,,,,,,,,,47,66,61,61,54,71,67,57,73,52,34,65,42,35,44,56,68,52,59,49,21-29,Male,"$65,000 to $80,000",Some college,5447
100,51,100,100,100,100,36,81,100,100,100,0,100,100,100,57,0,100,79,51,,,,,,,,,,,,,,,,,,,,,30-39,Male,"$50,000 to $65,000",Bachelor degree,5212
,,,,,,,,,,,,,,,,,,,,67,95,74,45,79,76,74,59,39,91,80,67,77,38,94,78,80,33,97,64,30-39,Female,"$15,000 to $25,000",Bachelor degree,6858
12,100,34,17,25,51,62,51,51,50,18,81,9,14,16,51,61,52,52,51,,,,,,,,,,,,,,,,,,,,,21-29,Female,"$25,000 to $35,000",Bachelor degree,2629
3,99,15,6,37,5,98,16,1,19,14,97,30,6,32,35,84,20,22,43,,,,,,,,,,,,,,,,,,,,,30-39,Male,"$15,000 to $25,000",Graduate degree,2102
16,91,14,14,15,27,92,52,20,35,43,64,52,52,52,19,90,20,18,18,,,,,,,,,,,,,,,,,,,,,21-29,Male,"$10,000 to $15,000",Bachelor degree,5450
,,,,,,,,,,,,,,,,,,,,53,34,52,45,55,52,54,52,49,55,41,46,40,56,49,53,53,49,55,53,40-49,Female,"$35,000 to $50,000",Bachelor degree,696
7,99,32,5,4,28,98,17,2,28,3,99,1,2,27,1,98,20,2,10,,,,,,,,,,,,,,,,,,,,,21-29,Male,"$35,000 to $50,000",Graduate degree,4886
,,,,,,,,,,,,,,,,,,,,55,38,59,72,80,61,59,52,71,63,59,39,55,88,74,43,78,34,35,52,30-39,Male,"$50,000 to $65,000",Bachelor degree,357
,,,,,,,,,,,,,,,,,,,,69,18,78,69,72,36,76,33,25,27,43,68,34,36,33,60,61,66,58,44,21-29,Female,"$10,000 to $15,000",Some college,2979
17,100,13,15,26,21,100,29,5,40,16,99,18,10,29,36,96,44,29,42,,,,,,,,,,,,,,,,,,,,,40-49,Female,"$35,000 to $50,000",Vocational Training,2563
49,81,52,41,48,28,100,49,18,47,50,88,42,46,46,20,100,40,28,30,,,,,,,,,,,,,,,,,,,,,30-39,Male,"$50,000 to $65,000",Bachelor degree,5069
82,94,91,96,75,72,93,84,75,81,99,91,77,87,96,90,100,83,72,84,,,,,,,,,,,,,,,,,,,,,30-39,Male,"$25,000 to $35,000",Bachelor degree,3682
,,,,,,,,,,,,,,,,,,,,29,74,28,34,33,38,64,29,37,36,43,35,49,75,52,51,70,48,83,54,21-29,Male,"$35,000 to $50,000",Some college,2643
38,74,42,20,47,45,79,49,43,63,42,78,47,40,55,36,89,32,38,45,,,,,,,,,,,,,,,,,,,,,21-29,Male,"$65,000 to $80,000",Vocational Training,5469
24,85,39,33,52,34,98,41,28,38,28,100,30,36,31,29,100,33,24,38,,,,,,,,,,,,,,,,,,,,,30-39,Male,"Over $100,000",Some college,2666
4,97,8,7,5,45,76,3,29,8,29,100,13,11,26,18,100,33,8,11,,,,,,,,,,,,,,,,,,,,,50-59,Male,"$15,000 to $25,000",Bachelor degree,5310
51,51,52,52,52,51,51,52,52,52,51,51,52,52,52,51,51,50,52,51,,,,,,,,,,,,,,,,,,,,,18-20,Male,"$5,000 to $10,000","High school degree or equivalent (e.g., GED)",8352
11,92,28,8,33,15,86,15,4,14,5,100,12,0,7,12,100,10,0,19,,,,,,,,,,,,,,,,,,,,,21-29,Male,"Over $100,000",Some college,8565
,,,,,,,,,,,,,,,,,,,,51,78,52,52,52,39,69,47,45,45,51,85,52,51,54,51,70,52,52,51,21-29,Male,"$10,000 to $15,000",Bachelor degree,1688
70,39,87,94,81,81,83,72,87,82,68,75,66,59,56,67,73,69,76,35,,,,,,,,,,,,,,,,,,,,,21-29,Male,"$65,000 to $80,000",Some college,4502
,,,,,,,,,,,,,,,,,,,,51,51,52,52,52,51,48,52,52,52,51,51,52,52,51,100,0,100,52,100,21-29,Male,"$15,000 to $25,000","High school degree or equivalent (e.g., GED)",5549
,,,,,,,,,,,,,,,,,,,,70,88,42,85,26,74,34,62,91,62,37,83,40,93,36,77,79,22,72,28,30-39,Female,"Over $100,000",Graduate degree,4088
,,,,,,,,,,,,,,,,,,,,67,16,85,74,89,63,69,46,60,63,89,27,74,88,88,79,52,76,76,73,21-29,Male,"Less than $5,000",Some college,7804
,,,,,,,,,,,,,,,,,,,,60,31,35,25,65,34,32,56,59,39,32,27,40,33,59,66,39,33,31,59,21-29,Male,"$25,000 to $35,000","High school degree or equivalent (e.g., GED)",7556
51,85,52,39,50,51,94,52,33,51,25,100,25,27,13,49,67,52,51,50,,,,,,,,,,,,,,,,,,,,,30-39,Female,"$35,000 to $50,000",Graduate degree,1813
64,78,58,56,55,51,73,52,55,59,64,80,52,52,67,60,83,58,62,61,,,,,,,,,,,,,,,,,,,,,50-59,Male,"$50,000 to $65,000",Some college,17
,,,,,,,,,,,,,,,,,,,,54,41,52,60,51,58,49,50,58,50,56,50,51,60,52,56,46,51,57,46,21-29,Female,"$15,000 to $25,000",Some college,884
51,100,25,50,52,84,100,81,78,83,80,100,90,82,82,86,100,68,84,86,,,,,,,,,,,,,,,,,,,,,30-39,Male,"$80,000 to $100,000",Bachelor degree,813
6,96,4,1,2,2,99,1,2,7,8,96,10,3,5,3,98,7,4,9,,,,,,,,,,,,,,,,,,,,,40-49,Female,"$35,000 to $50,000",Bachelor degree,8687
,,,,,,,,,,,,,,,,,,,,58,84,62,100,75,100,63,78,82,100,100,39,100,95,100,94,51,100,100,100,30-39,Female,"$15,000 to $25,000",Some college,7986
73,67,79,80,97,100,75,96,90,91,92,99,89,80,80,83,75,96,97,74,,,,,,,,,,,,,,,,,,,,,21-29,Female,"$65,000 to $80,000",Bachelor degree,4910
,,,,,,,,,,,,,,,,,,,,15,86,8,35,32,0,100,0,0,0,50,67,44,51,29,50,61,51,49,50,30-39,Male,"Over $100,000",Graduate degree,3679
51,69,27,52,33,63,72,72,49,72,72,66,78,58,64,61,75,74,73,61,,,,,,,,,,,,,,,,,,,,,21-29,Female,"$15,000 to $25,000","High school degree or equivalent (e.g., GED)",9475
,,,,,,,,,,,,,,,,,,,,71,38,83,83,81,71,37,78,64,88,69,39,63,73,73,95,40,89,96,91,30-39,Male,"$80,000 to $100,000",Bachelor degree,7294
19,78,34,25,32,38,88,33,11,61,19,77,16,26,31,24,92,12,0,16,,,,,,,,,,,,,,,,,,,,,40-49,Female,"$35,000 to $50,000",Bachelor degree,3760
0,100,0,0,0,0,100,0,0,0,0,100,0,0,0,0,100,0,0,0,,,,,,,,,,,,,,,,,,,,,21-29,Female,"Over $100,000",Some college,3708
,,,,,,,,,,,,,,,,,,,,30,100,17,1,33,1,100,5,2,2,5,1,3,3,28,13,100,8,6,10,40-49,Female,"$15,000 to $25,000",Bachelor degree,2561
,,,,,,,,,,,,,,,,,,,,100,49,52,100,52,45,58,44,100,45,100,0,52,100,51,100,49,49,100,49,30-39,Male,"$25,000 to $35,000",Bachelor degree,9780
0,100,9,0,0,0,100,7,0,0,0,100,0,0,0,13,90,18,20,13,,,,,,,,,,,,,,,,,,,,,21-29,Female,"$35,000 to $50,000","High school degree or equivalent (e.g., GED)",5843
0,73,1,10,21,9,88,0,2,0,60,22,52,70,52,26,48,2,20,23,,,,,,,,,,,,,,,,,,,,,30-39,Male,"$50,000 to $65,000","High school degree or equivalent (e.g., GED)",1585
0,100,0,1,0,9,96,5,11,12,41,95,43,41,46,30,98,37,31,40,,,,,,,,,,,,,,,,,,,,,40-49,Male,"$35,000 to $50,000","High school degree or equivalent (e.g., GED)",6463
,,,,,,,,,,,,,,,,,,,,82,13,38,79,66,47,35,35,13,74,77,21,63,36,72,77,56,40,18,74,21-29,Female,"$50,000 to $65,000",Some college,6048
,,,,,,,,,,,,,,,,,,,,37,57,32,56,60,66,61,58,68,42,63,52,44,47,35,60,64,39,37,47,21-29,Male,"$50,000 to $65,000",Bachelor degree,9964
27,97,18,18,37,35,100,26,14,48,3,100,5,2,5,51,97,9,23,25,,,,,,,,,,,,,,,,,,,,,30-39,Male,"$25,000 to $35,000",Some college,5185
2,98,4,3,3,12,87,0,6,0,0,100,0,1,0,6,51,8,7,8,,,,,,,,,,,,,,,,,,,,,50-59,Female,"$25,000 to $35,000",Bachelor degree,7063
,,,,,,,,,,,,,,,,,,,,51,57,52,100,52,49,0,52,100,53,52,59,37,100,52,51,63,37,100,51,21-29,Female,"$65,000 to $80,000","High school degree or equivalent (e.g., GED)",51
,,,,,,,,,,,,,,,,,,,,24,95,27,16,23,18,87,18,19,20,35,83,21,32,23,15,90,29,15,16,30-39,Male,"$10,000 to $15,000","High school degree or equivalent (e.g., GED)",1173
,,,,,,,,,,,,,,,,,,,,9,99,20,3,34,1,95,4,6,26,3,91,10,0,6,14,82,8,24,3,21-29,Male,"$50,000 to $65,000","High school degree or equivalent (e.g., GED)",6445
40,31,51,43,50,39,25,44,42,51,36,85,41,44,51,51,60,50,51,51,,,,,,,,,,,,,,,,,,,,,30-39,Male,"$5,000 to $10,000",Vocational Training,1754
36,88,22,31,21,16,76,28,7,15,15,72,22,13,23,18,92,26,46,17,,,,,,,,,,,,,,,,,,,,,40-49,Female,"$50,000 to $65,000",Bachelor degree,7425
,,,,,,,,,,,,,,,,,,,,72,41,87,60,84,63,10,80,75,89,70,13,74,71,46,91,12,82,94,82,30-39,Female,"$25,000 to $35,000",Some college,7940
13,95,6,8,49,32,81,52,51,47,52,90,34,54,49,25,69,10,37,36,,,,,,,,,,,,,,,,,,,,,40-49,Male,"Over $100,000",Graduate degree,9087
,,,,,,,,,,,,,,,,,,,,61,44,60,60,64,67,39,73,68,73,63,44,62,69,64,65,36,66,75,64,21-29,Female,"$15,000 to $25,000","High school degree or equivalent (e.g., GED)",6962
,,,,,,,,,,,,,,,,,,,,74,58,68,80,69,13,86,6,16,26,62,72,81,64,65,72,59,69,42,42,30-39,Female,"$80,000 to $100,000",Some college,9216
29,94,19,14,37,18,89,32,13,30,45,68,30,44,34,24,84,25,27,27,,,,,,,,,,,,,,,,,,,,,21-29,Female,"$25,000 to $35,000",Bachelor degree,7546
,,,,,,,,,,,,,,,,,,,,10,0,60,30,11,69,34,80,41,80,68,25,39,37,69,92,18,90,83,81,50-59,Female,"Over $100,000",Bachelor degree,633
,,,,,,,,,,,,,,,,,,,,44,100,38,50,52,43,97,42,21,46,46,99,40,24,45,45,93,39,36,40,30-39,Female,"$50,000 to $65,000",Graduate degree,6782
3,94,3,1,3,8,80,8,6,7,4,85,2,4,3,11,30,2,12,17,,,,,,,,,,,,,,,,,,,,,30-39,Male,"$10,000 to $15,000","High school degree or equivalent (e.g., GED)",4759
45,62,49,46,49,42,90,24,44,46,33,64,16,31,45,34,61,33,40,38,,,,,,,,,,,,,,,,,,,,,40-49,Male,"$50,000 to $65,000",Graduate degree,5787
,,,,,,,,,,,,,,,,,,,,38,63,25,9,88,63,50,62,12,85,59,55,28,30,70,0,75,35,16,6,21-29,Female,"$15,000 to $25,000","High school degree or equivalent (e.g., GED)",3295
,,,,,,,,,,,,,,,,,,,,50,70,51,28,50,52,50,51,31,51,49,69,51,51,50,51,66,50,51,50,40-49,Female,"Over $100,000",Bachelor degree,5201
,,,,,,,,,,,,,,,,,,,,55,58,54,62,54,37,61,36,34,44,55,41,62,70,60,56,53,60,74,44,60-69,Female,"$35,000 to $50,000","High school degree or equivalent (e.g., GED)",2564
23,94,25,21,44,18,86,18,41,22,32,84,34,39,37,16,91,20,30,23,,,,,,,,,,,,,,,,,,,,,30-39,Male,"$25,000 to $35,000",Some college,7346
,,,,,,,,,,,,,,,,,,,,34,96,30,45,48,52,87,51,55,59,51,89,44,57,56,57,65,43,56,67,40-49,Female,"$35,000 to $50,000",Bachelor degree,8384
,,,,,,,,,,,,,,,,,,,,1,99,2,0,1,0,92,5,0,4,2,94,3,2,10,24,77,11,24,24,21-29,Male,"$65,000 to $80,000",Bachelor degree,6106
74,66,62,36,68,60,70,41,59,33,36,60,37,60,39,59,38,59,74,61,,,,,,,,,,,,,,,,,,,,,30-39,Male,"$15,000 to $25,000",Bachelor degree,254
47,83,57,58,55,54,54,54,52,54,57,55,58,58,55,57,61,59,58,59,,,,,,,,,,,,,,,,,,,,,50-59,Male,"$15,000 to $25,000",Bachelor degree,8963
,,,,,,,,,,,,,,,,,,,,51,51,61,55,52,50,54,51,48,45,50,62,51,67,40,51,42,52,55,50,21-29,Male,"$80,000 to $100,000",Bachelor degree,6876
,,,,,,,,,,,,,,,,,,,,70,33,68,69,76,59,44,63,56,56,51,51,52,52,52,39,66,41,39,41,50-59,Female,"$80,000 to $100,000",Bachelor degree,6897
96,32,79,80,87,89,15,58,88,84,4,88,1,7,5,22,94,16,17,5,,,,,,,,,,,,,,,,,,,,,21-29,Male,"$50,000 to $65,000",Some college,8049
,,,,,,,,,,,,,,,,,,,,57,26,59,57,51,53,21,64,62,51,52,25,50,58,54,54,26,53,56,53,30-39,Female,"$80,000 to $100,000",Graduate degree,7923
,,,,,,,,,,,,,,,,,,,,64,73,66,71,70,62,53,65,52,62,70,55,65,60,60,71,74,64,78,60,40-49,Female,"Over $100,000","High school degree or equivalent (e.g., GED)",5266
0,100,45,0,45,19,100,46,0,41,25,100,45,17,46,0,100,44,0,44,,,,,,,,,,,,,,,,,,,,,30-39,Female,"$25,000 to $35,000",Some college,6842
40,79,39,43,48,39,74,31,31,47,45,65,30,25,42,37,82,31,47,38,,,,,,,,,,,,,,,,,,,,,21-29,Male,"$50,000 to $65,000",Graduate degree,7101
60,59,43,42,59,59,55,62,60,41,62,60,58,64,61,52,45,59,59,66,,,,,,,,,,,,,,,,,,,,,21-29,Male,"$5,000 to $10,000",Some college,3517
,,,,,,,,,,,,,,,,,,,,51,51,49,71,50,51,51,52,62,44,51,51,44,52,52,51,54,52,52,51,30-39,Male,"$25,000 to $35,000","High school degree or equivalent (e.g., GED)",9091
,,,,,,,,,,,,,,,,,,,,51,72,52,99,52,52,67,52,81,45,51,66,52,98,52,51,71,52,90,61,21-29,Male,"$35,000 to $50,000",Some college,7943
29,68,52,29,68,66,62,69,64,68,61,36,63,53,64,61,51,64,65,65,,,,,,,,,,,,,,,,,,,,,40-49,Male,"$25,000 to $35,000",Some college,8391
